Workbook

Sheet README
A1: PLL Throwing Exposure Workbook, 2019–2026
A2: Source: official PLL stats table exports (8 season files, assumed regular season). Seasons assigned from team lists/player counts; please verify.
A3: Passes and Touches are not recorded by PLL for 2019–2021 (shown as 0 in source; Passes Available = FALSE).
A4: Eligible = Games Played ≥ 3 and field position (A, M, D, SSDM, LSM). Summary sheets use formulas over Player_Season.
A5: Shots/passes are exposure proxies, NOT shoulder load, tissue damage, or injury risk.
A6: Literature values (Vincent et al. 2015) are lab results, not PLL player measurements.

Sheet Load_Model_Assumptions
A1: Shoulder-load model: assumptions (edit blue cells; model sheets recalculate)
A3: Reference ball speed, km/h (Vincent 2015, pro mean) | B3: 138
A4: Assumed typical pass speed, km/h (ASSUMPTION, not measured) | B4: 70
A5: Pass weight = (pass speed / shot speed)^2 | B5: =(B4/B3)^2 -> 0.25729889
A6: Shot weight (reference unit) | B6: 1
A8: Method: relative load = shots x 1 + passes x pass weight. Squared speed is a kinetic-energy proxy for throwing demand.
A9: Output unit: full-effort-shot equivalents. This is a relative exposure index, not joules, joint torque, tissue stress or injury risk.
A10: Pass speeds are assumptions; range tested 55–85 km/h (weights 0.16–0.38). Passes recorded 2022+ only.

Sheet Load_Model_Cumulative
A1: Player | B1: Position | C1: Seasons 2022–26 | D1: Games | E1: Shots | F1: Passes | G1: Modeled cumulative load | H1: Load per game | I1: Pass share of load
A2: Marcus Holman | B2: A | C2: 5 | D2: 52 | E2: 347 | F2: 1566 | G2: =E2*Load_Model_Assumptions!$B$6+F2*Load_Model_Assumptions!$B$5 -> 749.93006 | H2: =IF(D2>0,G2/D2,"") -> 14.421732 | I2: =IF(G2>0,F2*Load_Model_Assumptions!$B$5/G2,"") -> 0.53729018
A3: Michael Sowers | B3: A | C3: 5 | D3: 51 | E3: 341 | F3: 1259 | G3: =E3*Load_Model_Assumptions!$B$6+F3*Load_Model_Assumptions!$B$5 -> 664.9393 | H3: =IF(D3>0,G3/D3,"") -> 13.038025 | I3: =IF(G3>0,F3*Load_Model_Assumptions!$B$5/G3,"") -> 0.48717123
A4: Rob Pannell | B4: A | C4: 5 | D4: 50 | E4: 302 | F4: 1369 | G4: =E4*Load_Model_Assumptions!$B$6+F4*Load_Model_Assumptions!$B$5 -> 654.24218 | H4: =IF(D4>0,G4/D4,"") -> 13.084844 | I4: =IF(G4>0,F4*Load_Model_Assumptions!$B$5/G4,"") -> 0.53839723
A5: Kieran McArdle | B5: A | C5: 5 | D5: 52 | E5: 307 | F5: 1172 | G5: =E5*Load_Model_Assumptions!$B$6+F5*Load_Model_Assumptions!$B$5 -> 608.5543 | H5: =IF(D5>0,G5/D5,"") -> 11.702967 | I5: =IF(G5>0,F5*Load_Model_Assumptions!$B$5/G5,"") -> 0.4955257
A6: Connor Fields | B6: M | C6: 5 | D6: 48 | E6: 321 | F6: 981 | G6: =E6*Load_Model_Assumptions!$B$6+F6*Load_Model_Assumptions!$B$5 -> 573.41021 | H6: =IF(D6>0,G6/D6,"") -> 11.946046 | I6: =IF(G6>0,F6*Load_Model_Assumptions!$B$5/G6,"") -> 0.44019134
A7: Ryder Garnsey | B7: A | C7: 5 | D7: 50 | E7: 264 | F7: 1190 | G7: =E7*Load_Model_Assumptions!$B$6+F7*Load_Model_Assumptions!$B$5 -> 570.18568 | H7: =IF(D7>0,G7/D7,"") -> 11.403714 | I7: =IF(G7>0,F7*Load_Model_Assumptions!$B$5/G7,"") -> 0.53699293
A8: Jeff Teat | B8: A | C8: 4 | D8: 40 | E8: 236 | F8: 1184 | G8: =E8*Load_Model_Assumptions!$B$6+F8*Load_Model_Assumptions!$B$5 -> 540.64188 | H8: =IF(D8>0,G8/D8,"") -> 13.516047 | I8: =IF(G8>0,F8*Load_Model_Assumptions!$B$5/G8,"") -> 0.56348184
A9: Bryan Costabile | B9: M | C9: 5 | D9: 50 | E9: 293 | F9: 962 | G9: =E9*Load_Model_Assumptions!$B$6+F9*Load_Model_Assumptions!$B$5 -> 540.52153 | H9: =IF(D9>0,G9/D9,"") -> 10.810431 | I9: =IF(G9>0,F9*Load_Model_Assumptions!$B$5/G9,"") -> 0.45793093
A10: Mac O'Keefe | B10: M | C10: 5 | D10: 52 | E10: 311 | F10: 882 | G10: =E10*Load_Model_Assumptions!$B$6+F10*Load_Model_Assumptions!$B$5 -> 537.93762 | H10: =IF(D10>0,G10/D10,"") -> 10.344954 | I10: =IF(G10>0,F10*Load_Model_Assumptions!$B$5/G10,"") -> 0.42186605
A11: Tom Schreiber | B11: M | C11: 4 | D11: 37 | E11: 200 | F11: 953 | G11: =E11*Load_Model_Assumptions!$B$6+F11*Load_Model_Assumptions!$B$5 -> 445.20584 | H11: =IF(D11>0,G11/D11,"") -> 12.03259 | I11: =IF(G11>0,F11*Load_Model_Assumptions!$B$5/G11,"") -> 0.55076959
A12: Brennan O'Neill | B12: A | C12: 3 | D12: 31 | E12: 251 | F12: 752 | G12: =E12*Load_Model_Assumptions!$B$6+F12*Load_Model_Assumptions!$B$5 -> 444.48876 | H12: =IF(D12>0,G12/D12,"") -> 14.338347 | I12: =IF(G12>0,F12*Load_Model_Assumptions!$B$5/G12,"") -> 0.43530631
A13: Logan Wisnauskas | B13: A | C13: 5 | D13: 42 | E13: 208 | F13: 915 | G13: =E13*Load_Model_Assumptions!$B$6+F13*Load_Model_Assumptions!$B$5 -> 443.42848 | H13: =IF(D13>0,G13/D13,"") -> 10.557821 | I13: =IF(G13>0,F13*Load_Model_Assumptions!$B$5/G13,"") -> 0.53092774
... A367: Saam Olexo | B367: LSM | C367: 1 | D367: 1 | E367: 0 | F367: 1 | G367: =E367*Load_Model_Assumptions!$B$6+F367*Load_Model_Assumptions!$B$5 -> 0.25729889 | H367: =IF(D367>0,G367/D367,"") -> 0.25729889 | I367: =IF(G367>0,F367*Load_Model_Assumptions!$B$5/G367,"") -> 1

Sheet Player_Season
A1: Season | B1: Player | C1: Team | D1: Position | E1: Games Played | F1: Shots | G1: Shots On Goal | H1: Total Goals | I1: Assists | J1: Passes | K1: Touches | L1: Passes Available | M1: Eligible | N1: Shots per Game | O1: Passes per Game
A2: 2019 | B2: Brent Adams | C2: Redwoods | D2: M | E2: 10 | F2: 35 | G2: 20 | H2: 10 | I2: 1 | J2: 0 | K2: 0 | L2: =FALSE() -> FALSE | M2: Yes | N2: =IF(E2>0,F2/E2,"") -> 3.5 | O2: =IF(AND(E2>0,L2),J2/E2,"")
A3: 2019 | B3: Drew Adams | C3: Archers | D3: G | E3: 6 | F3: 0 | G3: 0 | H3: 0 | I3: 0 | J3: 0 | K3: 0 | L3: =FALSE() -> FALSE | M3: No | N3: =IF(E3>0,F3/E3,"") -> 0 | O3: =IF(AND(E3>0,L3),J3/E3,"")
A4: 2019 | B4: Dominique Alexander | C4: Archers | D4: M | E4: 10 | F4: 3 | G4: 1 | H4: 0 | I4: 1 | J4: 0 | K4: 0 | L4: =FALSE() -> FALSE | M4: Yes | N4: =IF(E4>0,F4/E4,"") -> 0.3 | O4: =IF(AND(E4>0,L4),J4/E4,"")
A5: 2019 | B5: Ryan Ambler | C5: Archers | D5: M | E5: 9 | F5: 14 | G5: 6 | H5: 3 | I5: 7 | J5: 0 | K5: 0 | L5: =FALSE() -> FALSE | M5: Yes | N5: =IF(E5>0,F5/E5,"") -> 1.5555556 | O5: =IF(AND(E5>0,L5),J5/E5,"")
A6: 2019 | B6: Trevor Baptiste | C6: Atlas | D6: FO | E6: 10 | F6: 15 | G6: 4 | H6: 3 | I6: 3 | J6: 0 | K6: 0 | L6: =FALSE() -> FALSE | M6: No | N6: =IF(E6>0,F6/E6,"") -> 1.5 | O6: =IF(AND(E6>0,L6),J6/E6,"")
A7: 2019 | B7: James Barclay | C7: Whipsnakes | D7: D | E7: 4 | F7: 0 | G7: 0 | H7: 0 | I7: 0 | J7: 0 | K7: 0 | L7: =FALSE() -> FALSE | M7: Yes | N7: =IF(E7>0,F7/E7,"") -> 0 | O7: =IF(AND(E7>0,L7),J7/E7,"")
A8: 2019 | B8: Kylor Bellistri | C8: Redwoods | D8: A | E8: 2 | F8: 4 | G8: 3 | H8: 0 | I8: 1 | J8: 0 | K8: 0 | L8: =FALSE() -> FALSE | M8: No | N8: =IF(E8>0,F8/E8,"") -> 2 | O8: =IF(AND(E8>0,L8),J8/E8,"")
A9: 2019 | B9: Wes Berg | C9: Redwoods | D9: A | E9: 4 | F9: 8 | G9: 7 | H9: 4 | I9: 0 | J9: 0 | K9: 0 | L9: =FALSE() -> FALSE | M9: Yes | N9: =IF(E9>0,F9/E9,"") -> 2 | O9: =IF(AND(E9>0,L9),J9/E9,"")
A10: 2019 | B10: Jake Bernhardt | C10: Whipsnakes | D10: M | E10: 9 | F10: 20 | G10: 13 | H10: 5 | I10: 2 | J10: 0 | K10: 0 | L10: =FALSE() -> FALSE | M10: Yes | N10: =IF(E10>0,F10/E10,"") -> 2.2222222 | O10: =IF(AND(E10>0,L10),J10/E10,"")
A11: 2019 | B11: Kyle Bernlohr | C11: Whipsnakes | D11: G | E11: 10 | F11: 0 | G11: 0 | H11: 0 | I11: 0 | J11: 0 | K11: 0 | L11: =FALSE() -> FALSE | M11: No | N11: =IF(E11>0,F11/E11,"") -> 0 | O11: =IF(AND(E11>0,L11),J11/E11,"")
A12: 2019 | B12: Chris Bocklet | C12: Chrome | D12: A | E12: 2 | F12: 1 | G12: 1 | H12: 0 | I12: 0 | J12: 0 | K12: 0 | L12: =FALSE() -> FALSE | M12: No | N12: =IF(E12>0,F12/E12,"") -> 0.5 | O12: =IF(AND(E12>0,L12),J12/E12,"")
A13: 2019 | B13: Mike Bocklet | C13: Chaos | D13: A | E13: 2 | F13: 4 | G13: 2 | H13: 1 | I13: 2 | J13: 0 | K13: 0 | L13: =FALSE() -> FALSE | M13: No | N13: =IF(E13>0,F13/E13,"") -> 2 | O13: =IF(AND(E13>0,L13),J13/E13,"")
... A24: 2019 | B24: Dan Coates | C24: Chaos | D24: D | E24: 1 | F24: 0 | G24: 0 | H24: 0 | I24: 0 | J24: 0 | K24: 0 | L24: =FALSE() -> FALSE | M24: No | N24: =IF(E24>0,F24/E24,"") -> 0 | O24: =IF(AND(E24>0,L24),J24/E24,"")
A25: 2019 | B25: Greg Coholan | C25: Chrome | E25: 0 | F25: 0 | G25: 0 | H25: 0 | I25: 0 | J25: 0 | K25: 0 | L25: =FALSE() -> FALSE | M25: No | N25: =IF(E25>0,F25/E25,"") | O25: =IF(AND(E25>0,L25),J25/E25,"")
A26: 2019 | B26: Jack Concannon | C26: Atlas | D26: G | E26: 10 | F26: 0 | G26: 0 | H26: 0 | I26: 0 | J26: 0 | K26: 0 | L26: =FALSE() -> FALSE | M26: No | N26: =IF(E26>0,F26/E26,"") -> 0 | O26: =IF(AND(E26>0,L26),J26/E26,"")
A27: 2019 | B27: Evan Connell | C27: Archers | D27: D | E27: 3 | F27: 0 | G27: 0 | H27: 0 | I27: 0 | J27: 0 | K27: 0 | L27: =FALSE() -> FALSE | M27: Yes | N27: =IF(E27>0,F27/E27,"") -> 0 | O27: =IF(AND(E27>0,L27),J27/E27,"")
A28: 2019 | B28: Ryan Conrad | C28: Atlas | D28: M | E28: 4 | F28: 3 | G28: 0 | H28: 0 | I28: 0 | J28: 0 | K28: 0 | L28: =FALSE() -> FALSE | M28: Yes | N28: =IF(E28>0,F28/E28,"") -> 0.75 | O28: =IF(AND(E28>0,L28),J28/E28,"")
A29: 2019 | B29: Curtis Corley | C29: Archers | D29: D | E29: 6 | F29: 0 | G29: 0 | H29: 0 | I29: 0 | J29: 0 | K29: 0 | L29: =FALSE() -> FALSE | M29: Yes | N29: =IF(E29>0,F29/E29,"") -> 0 | O29: =IF(AND(E29>0,L29),J29/E29,"")
A30: 2019 | B30: John Crawley | C30: Atlas | D30: M | E30: 7 | F30: 17 | G30: 10 | H30: 5 | I30: 3 | J30: 0 | K30: 0 | L30: =FALSE() -> FALSE | M30: Yes | N30: =IF(E30>0,F30/E30,"") -> 2.4285714 | O30: =IF(AND(E30>0,L30),J30/E30,"")
A31: 2019 | B31: Ned Crotty | C31: Chrome | D31: M | E31: 10 | F31: 46 | G31: 29 | H31: 17 | I31: 9 | J31: 0 | K31: 0 | L31: =FALSE() -> FALSE | M31: Yes | N31: =IF(E31>0,F31/E31,"") -> 4.6 | O31: =IF(AND(E31>0,L31),J31/E31,"")
A32: 2019 | B32: Christian Cuccinello | C32: Archers | D32: A | E32: 8 | F32: 28 | G32: 17 | H32: 8 | I32: 4 | J32: 0 | K32: 0 | L32: =FALSE() -> FALSE | M32: Yes | N32: =IF(E32>0,F32/E32,"") -> 3.5 | O32: =IF(AND(E32>0,L32),J32/E32,"")
A33: 2019 | B33: Matt Danowski | C33: Chrome | D33: M | E33: 10 | F33: 35 | G33: 20 | H33: 8 | I33: 6 | J33: 0 | K33: 0 | L33: =FALSE() -> FALSE | M33: Yes | N33: =IF(E33>0,F33/E33,"") -> 3.5 | O33: =IF(AND(E33>0,L33),J33/E33,"")
A34: 2019 | B34: Steven DeNapoli | C34: Atlas | D34: M | E34: 7 | F34: 1 | G34: 0 | H34: 0 | I34: 2 | J34: 0 | K34: 0 | L34: =FALSE() -> FALSE | M34: Yes | N34: =IF(E34>0,F34/E34,"") -> 0.14285714 | O34: =IF(AND(E34>0,L34),J34/E34,"")
A35: 2019 | B35: Romar Dennis | C35: Chrome | D35: M | E35: 10 | F35: 24 | G35: 8 | H35: 4 | I35: 1 | J35: 0 | K35: 0 | L35: =FALSE() -> FALSE | M35: Yes | N35: =IF(E35>0,F35/E35,"") -> 2.4 | O35: =IF(AND(E35>0,L35),J35/E35,"")
A36: 2019 | B36: Ryan Drenner | C36: Whipsnakes | D36: A | E36: 10 | F36: 61 | G36: 37 | H36: 19 | I36: 1 | J36: 0 | K36: 0 | L36: =FALSE() -> FALSE | M36: Yes | N36: =IF(E36>0,F36/E36,"") -> 6.1 | O36: =IF(AND(E36>0,L36),J36/E36,"")
A37: 2019 | B37: Matthew Dunn | C37: Whipsnakes | D37: D | E37: 10 | F37: 1 | G37: 1 | H37: 0 | I37: 0 | J37: 0 | K37: 0 | L37: =FALSE() -> FALSE | M37: Yes | N37: =IF(E37>0,F37/E37,"") -> 0.1 | O37: =IF(AND(E37>0,L37),J37/E37,"")
... A64: 2019 | B64: Jules Heningburg | C64: Redwoods | D64: A | E64: 10 | F64: 54 | G64: 33 | H64: 21 | I64: 12 | J64: 0 | K64: 0 | L64: =FALSE() -> FALSE | M64: Yes | N64: =IF(E64>0,F64/E64,"") -> 5.4 | O64: =IF(AND(E64>0,L64),J64/E64,"")
A65: 2019 | B65: Austin Henningsen | C65: Chaos | E65: 0 | F65: 0 | G65: 0 | H65: 0 | I65: 0 | J65: 0 | K65: 0 | L65: =FALSE() -> FALSE | M65: No | N65: =IF(E65>0,F65/E65,"") | O65: =IF(AND(E65>0,L65),J65/E65,"")
A66: 2019 | B66: Brent Hiken | C66: Atlas | D66: FO | E66: 2 | F66: 0 | G66: 0 | H66: 0 | I66: 0 | J66: 0 | K66: 0 | L66: =FALSE() -> FALSE | M66: No | N66: =IF(E66>0,F66/E66,"") -> 0 | O66: =IF(AND(E66>0,L66),J66/E66,"")
A67: 2019 | B67: Andrew Hodgson | C67: Atlas | D67: M | E67: 1 | F67: 3 | G67: 2 | H67: 1 | I67: 0 | J67: 0 | K67: 0 | L67: =FALSE() -> FALSE | M67: No | N67: =IF(E67>0,F67/E67,"") -> 3 | O67: =IF(AND(E67>0,L67),J67/E67,"")
A68: 2019 | B68: Marcus Holman | C68: Archers | D68: A | E68: 10 | F68: 74 | G68: 43 | H68: 23 | I68: 7 | J68: 0 | K68: 0 | L68: =FALSE() -> FALSE | M68: Yes | N68: =IF(E68>0,F68/E68,"") -> 7.4 | O68: =IF(AND(E68>0,L68),J68/E68,"")
A69: 2019 | B69: Myles Jones | C69: Chaos | D69: M | E69: 10 | F69: 43 | G69: 19 | H69: 7 | I69: 10 | J69: 0 | K69: 0 | L69: =FALSE() -> FALSE | M69: Yes | N69: =IF(E69>0,F69/E69,"") -> 4.3 | O69: =IF(AND(E69>0,L69),J69/E69,"")
A70: 2019 | B70: Brian Karalunas | C70: Redwoods | D70: LSM | E70: 10 | F70: 4 | G70: 1 | H70: 1 | I70: 2 | J70: 0 | K70: 0 | L70: =FALSE() -> FALSE | M70: Yes | N70: =IF(E70>0,F70/E70,"") -> 0.4 | O70: =IF(AND(E70>0,L70),J70/E70,"")
A71: 2019 | B71: Matt Kavanagh | C71: Redwoods | D71: A | E71: 9 | F71: 54 | G71: 36 | H71: 15 | I71: 8 | J71: 0 | K71: 0 | L71: =FALSE() -> FALSE | M71: Yes | N71: =IF(E71>0,F71/E71,"") -> 6 | O71: =IF(AND(E71>0,L71),J71/E71,"")
A72: 2019 | B72: Connor Kelly | C72: Whipsnakes | D72: M | E72: 8 | F72: 41 | G72: 21 | H72: 10 | I72: 8 | J72: 0 | K72: 0 | L72: =FALSE() -> FALSE | M72: Yes | N72: =IF(E72>0,F72/E72,"") -> 5.125 | O72: =IF(AND(E72>0,L72),J72/E72,"")
A73: 2019 | B73: Jack Kelly | C73: Redwoods | D73: G | E73: 0 | F73: 0 | G73: 0 | H73: 0 | I73: 0 | J73: 0 | K73: 0 | L73: =FALSE() -> FALSE | M73: No | N73: =IF(E73>0,F73/E73,"") | O73: =IF(AND(E73>0,L73),J73/E73,"")
A74: 2019 | B74: Stephen Kelly | C74: Archers | D74: FO | E74: 10 | F74: 8 | G74: 7 | H74: 3 | I74: 4 | J74: 0 | K74: 0 | L74: =FALSE() -> FALSE | M74: No | N74: =IF(E74>0,F74/E74,"") -> 0.8 | O74: =IF(AND(E74>0,L74),J74/E74,"")
A75: 2019 | B75: Thomas Kelly | C75: Chaos | D75: FO | E75: 10 | F75: 7 | G75: 5 | H75: 2 | I75: 0 | J75: 0 | K75: 0 | L75: =FALSE() -> FALSE | M75: No | N75: =IF(E75>0,F75/E75,"") -> 0.7 | O75: =IF(AND(E75>0,L75),J75/E75,"")
A76: 2019 | B76: Larken Kemp | C76: Redwoods | D76: LSM | E76: 6 | F76: 1 | G76: 1 | H76: 1 | I76: 0 | J76: 0 | K76: 0 | L76: =FALSE() -> FALSE | M76: Yes | N76: =IF(E76>0,F76/E76,"") -> 0.16666667 | O76: =IF(AND(E76>0,L76),J76/E76,"")
A77: 2019 | B77: Matthew Landis | C77: Redwoods | D77: D | E77: 7 | F77: 0 | G77: 0 | H77: 0 | I77: 0 | J77: 0 | K77: 0 | L77: =FALSE() -> FALSE | M77: Yes | N77: =IF(E77>0,F77/E77,"") -> 0 | O77: =IF(AND(E77>0,L77),J77/E77,"")
... A102: 2019 | B102: Michael Noone | C102: Archers | D102: LSM | E102: 1 | F102: 0 | G102: 0 | H102: 0 | I102: 0 | J102: 0 | K102: 0 | L102: =FALSE() -> FALSE | M102: No | N102: =IF(E102>0,F102/E102,"") -> 0 | O102: =IF(AND(E102>0,L102),J102/E102,"")
A103: 2019 | B103: Brent Noseworthy | C103: Atlas | E103: 0 | F103: 0 | G103: 0 | H103: 0 | I103: 0 | J103: 0 | K103: 0 | L103: =FALSE() -> FALSE | M103: No | N103: =IF(E103>0,F103/E103,"") | O103: =IF(AND(E103>0,L103),J103/E103,"")
A104: 2019 | B104: Mike O'Neil | C104: Chrome | D104: M | E104: 7 | F104: 4 | G104: 3 | H104: 1 | I104: 0 | J104: 0 | K104: 0 | L104: =FALSE() -> FALSE | M104: Yes | N104: =IF(E104>0,F104/E104,"") -> 0.57142857 | O104: =IF(AND(E104>0,L104),J104/E104,"")
A105: 2019 | B105: Nick Ossello | C105: Redwoods | D105: M | E105: 3 | F105: 3 | G105: 0 | H105: 0 | I105: 0 | J105: 0 | K105: 0 | L105: =FALSE() -> FALSE | M105: Yes | N105: =IF(E105>0,F105/E105,"") -> 1 | O105: =IF(AND(E105>0,L105),J105/E105,"")
A106: 2019 | B106: James Pannell | C106: Atlas | D106: A | E106: 2 | F106: 4 | G106: 3 | H106: 1 | I106: 0 | J106: 0 | K106: 0 | L106: =FALSE() -> FALSE | M106: No | N106: =IF(E106>0,F106/E106,"") -> 2 | O106: =IF(AND(E106>0,L106),J106/E106,"")
A107: 2019 | B107: Isaac Paparo | C107: Whipsnakes | D107: LSM | E107: 6 | F107: 1 | G107: 1 | H107: 1 | I107: 0 | J107: 0 | K107: 0 | L107: =FALSE() -> FALSE | M107: Yes | N107: =IF(E107>0,F107/E107,"") -> 0.16666667 | O107: =IF(AND(E107>0,L107),J107/E107,"")
A108: 2019 | B108: Sergio Perkovic | C108: Redwoods | D108: M | E108: 10 | F108: 43 | G108: 21 | H108: 9 | I108: 1 | J108: 0 | K108: 0 | L108: =FALSE() -> FALSE | M108: Yes | N108: =IF(E108>0,F108/E108,"") -> 4.3 | O108: =IF(AND(E108>0,L108),J108/E108,"")
A109: 2019 | B109: Clarke Petterson | C109: Redwoods | D109: A | E109: 7 | F109: 22 | G109: 12 | H109: 9 | I109: 3 | J109: 0 | K109: 0 | L109: =FALSE() -> FALSE | M109: Yes | N109: =IF(E109>0,F109/E109,"") -> 3.1428571 | O109: =IF(AND(E109>0,L109),J109/E109,"")
A110: 2019 | B110: Tyler Pfister | C110: Archers | D110: M | E110: 8 | F110: 6 | G110: 3 | H110: 0 | I110: 2 | J110: 0 | K110: 0 | L110: =FALSE() -> FALSE | M110: Yes | N110: =IF(E110>0,F110/E110,"") -> 0.75 | O110: =IF(AND(E110>0,L110),J110/E110,"")
A111: 2019 | B111: Austin Pifani | C111: Atlas | D111: D | E111: 10 | F111: 2 | G111: 1 | H111: 0 | I111: 0 | J111: 0 | K111: 0 | L111: =FALSE() -> FALSE | M111: Yes | N111: =IF(E111>0,F111/E111,"") -> 0.2 | O111: =IF(AND(E111>0,L111),J111/E111,"")
A112: 2019 | B112: Jackson Place | C112: Archers | D112: D | E112: 10 | F112: 0 | G112: 0 | H112: 0 | I112: 0 | J112: 0 | K112: 0 | L112: =FALSE() -> FALSE | M112: Yes | N112: =IF(E112>0,F112/E112,"") -> 0 | O112: =IF(AND(E112>0,L112),J112/E112,"")
A113: 2019 | B113: John Prendergast | C113: Chrome | D113: M | E113: 5 | F113: 2 | G113: 0 | H113: 0 | I113: 1 | J113: 0 | K113: 0 | L113: =FALSE() -> FALSE | M113: Yes | N113: =IF(E113>0,F113/E113,"") -> 0.4 | O113: =IF(AND(E113>0,L113),J113/E113,"")
A114: 2019 | B114: Brett Queener | C114: Chrome | D114: G | E114: 3 | F114: 0 | G114: 0 | H114: 0 | I114: 0 | J114: 0 | K114: 0 | L114: =FALSE() -> FALSE | M114: No | N114: =IF(E114>0,F114/E114,"") -> 0 | O114: =IF(AND(E114>0,L114),J114/E114,"")
A115: 2019 | B115: Paul Rabil | C115: Atlas | D115: M | E115: 10 | F115: 47 | G115: 27 | H115: 11 | I115: 11 | J115: 0 | K115: 0 | L115: =FALSE() -> FALSE | M115: Yes | N115: =IF(E115>0,F115/E115,"") -> 4.7 | O115: =IF(AND(E115>0,L115),J115/E115,"")
... A119: 2019 | B119: Scott Ratliff | C119: Archers | D119: D | E119: 10 | F119: 15 | G119: 6 | H119: 2 | I119: 2 | J119: 0 | K119: 0 | L119: =FALSE() -> FALSE | M119: Yes | N119: =IF(E119>0,F119/E119,"") -> 1.5 | O119: =IF(AND(E119>0,L119),J119/E119,"")
A120: 2019 | B120: Alex Ready | C120: Chrome | E120: 0 | F120: 0 | G120: 0 | H120: 0 | I120: 0 | J120: 0 | K120: 0 | L120: =FALSE() -> FALSE | M120: No | N120: =IF(E120>0,F120/E120,"") | O120: =IF(AND(E120>0,L120),J120/E120,"")
A121: 2019 | B121: Matt Rees | C121: Chaos | D121: LSM | E121: 7 | F121: 10 | G121: 4 | H121: 4 | I121: 0 | J121: 0 | K121: 0 | L121: =FALSE() -> FALSE | M121: Yes | N121: =IF(E121>0,F121/E121,"") -> 1.4285714 | O121: =IF(AND(E121>0,L121),J121/E121,"")
A122: 2019 | B122: Ben Reeves | C122: Whipsnakes | D122: A | E122: 8 | F122: 26 | G122: 17 | H122: 6 | I122: 7 | J122: 0 | K122: 0 | L122: =FALSE() -> FALSE | M122: Yes | N122: =IF(E122>0,F122/E122,"") -> 3.25 | O122: =IF(AND(E122>0,L122),J122/E122,"")
A123: 2019 | B123: Troy Reh | C123: Chaos | D123: LSM | E123: 9 | F123: 10 | G123: 6 | H123: 4 | I123: 2 | J123: 0 | K123: 0 | L123: =FALSE() -> FALSE | M123: Yes | N123: =IF(E123>0,F123/E123,"") -> 1.1111111 | O123: =IF(AND(E123>0,L123),J123/E123,"")
A124: 2019 | B124: Patrick Resch | C124: Chaos | D124: M | E124: 8 | F124: 3 | G124: 2 | H124: 1 | I124: 0 | J124: 0 | K124: 0 | L124: =FALSE() -> FALSE | M124: Yes | N124: =IF(E124>0,F124/E124,"") -> 0.375 | O124: =IF(AND(E124>0,L124),J124/E124,"")
A125: 2019 | B125: Joe Resetarits | C125: Chaos | E125: 1 | F125: 0 | G125: 0 | H125: 0 | I125: 0 | J125: 0 | K125: 0 | L125: =FALSE() -> FALSE | M125: No | N125: =IF(E125>0,F125/E125,"") -> 0 | O125: =IF(AND(E125>0,L125),J125/E125,"")
A126: 2019 | B126: Jeff Reynolds | C126: Whipsnakes | D126: M | E126: 1 | F126: 0 | G126: 0 | H126: 0 | I126: 0 | J126: 0 | K126: 0 | L126: =FALSE() -> FALSE | M126: No | N126: =IF(E126>0,F126/E126,"") -> 0 | O126: =IF(AND(E126>0,L126),J126/E126,"")
A127: 2019 | B127: Kevin Rice | C127: Archers | D127: A | E127: 6 | F127: 27 | G127: 17 | H127: 3 | I127: 4 | J127: 0 | K127: 0 | L127: =FALSE() -> FALSE | M127: Yes | N127: =IF(E127>0,F127/E127,"") -> 4.5 | O127: =IF(AND(E127>0,L127),J127/E127,"")
A128: 2019 | B128: Jake Richard | C128: Atlas | D128: M | E128: 10 | F128: 3 | G128: 2 | H128: 1 | I128: 2 | J128: 0 | K128: 0 | L128: =FALSE() -> FALSE | M128: Yes | N128: =IF(E128>0,F128/E128,"") -> 0.3 | O128: =IF(AND(E128>0,L128),J128/E128,"")
A129: 2019 | B129: Noah Richard | C129: Atlas | D129: LSM | E129: 9 | F129: 3 | G129: 3 | H129: 3 | I129: 0 | J129: 0 | K129: 0 | L129: =FALSE() -> FALSE | M129: Yes | N129: =IF(E129>0,F129/E129,"") -> 0.33333333 | O129: =IF(AND(E129>0,L129),J129/E129,"")
A130: 2019 | B130: Blaze Riorden | C130: Chaos | D130: G | E130: 10 | F130: 0 | G130: 0 | H130: 0 | I130: 0 | J130: 0 | K130: 0 | L130: =FALSE() -> FALSE | M130: No | N130: =IF(E130>0,F130/E130,"") -> 0 | O130: =IF(AND(E130>0,L130),J130/E130,"")
A131: 2019 | B131: Callum Robinson | C131: Atlas | D131: D | E131: 10 | F131: 0 | G131: 0 | H131: 0 | I131: 0 | J131: 0 | K131: 0 | L131: =FALSE() -> FALSE | M131: Yes | N131: =IF(E131>0,F131/E131,"") -> 0 | O131: =IF(AND(E131>0,L131),J131/E131,"")
A132: 2019 | B132: Scott Rodgers | C132: Atlas | D132: G | E132: 2 | F132: 0 | G132: 0 | H132: 0 | I132: 0 | J132: 0 | K132: 0 | L132: =FALSE() -> FALSE | M132: No | N132: =IF(E132>0,F132/E132,"") -> 0 | O132: =IF(AND(E132>0,L132),J132/E132,"")
A133: 2019 | B133: Tim Rotanz | C133: Whipsnakes | D133: M | E133: 4 | F133: 2 | G133: 1 | H133: 0 | I133: 0 | J133: 0 | K133: 0 | L133: =FALSE() -> FALSE | M133: Yes | N133: =IF(E133>0,F133/E133,"") -> 0.5 | O133: =IF(AND(E133>0,L133),J133/E133,"")
A134: 2019 | B134: Jack Rowlett | C134: Chaos | D134: D | E134: 10 | F134: 3 | G134: 2 | H134: 0 | I134: 2 | J134: 0 | K134: 0 | L134: =FALSE() -> FALSE | M134: Yes | N134: =IF(E134>0,F134/E134,"") -> 0.3 | O134: =IF(AND(E134>0,L134),J134/E134,"")
A135: 2019 | B135: Chris Sabia | C135: Chrome | D135: D | E135: 8 | F135: 1 | G135: 1 | H135: 0 | I135: 0 | J135: 0 | K135: 0 | L135: =FALSE() -> FALSE | M135: Yes | N135: =IF(E135>0,F135/E135,"") -> 0.125 | O135: =IF(AND(E135>0,L135),J135/E135,"")
A136: 2019 | B136: Sergio Salcido | C136: Redwoods | D136: M | E136: 10 | F136: 43 | G136: 20 | H136: 10 | I136: 9 | J136: 0 | K136: 0 | L136: =FALSE() -> FALSE | M136: Yes | N136: =IF(E136>0,F136/E136,"") -> 4.3 | O136: =IF(AND(E136>0,L136),J136/E136,"")
A137: 2019 | B137: Joey Sankey | C137: Archers | D137: A | E137: 6 | F137: 29 | G137: 18 | H137: 4 | I137: 5 | J137: 0 | K137: 0 | L137: =FALSE() -> FALSE | M137: Yes | N137: =IF(E137>0,F137/E137,"") -> 4.8333333 | O137: =IF(AND(E137>0,L137),J137/E137,"")
... A158: 2019 | B158: Tim Troutner | C158: Redwoods | D158: G | E158: 10 | F158: 0 | G158: 0 | H158: 0 | I158: 0 | J158: 0 | K158: 0 | L158: =FALSE() -> FALSE | M158: No | N158: =IF(E158>0,F158/E158,"") -> 0 | O158: =IF(AND(E158>0,L158),J158/E158,"")
A159: 2019 | B159: Alec Tulett | C159: Redwoods | E159: 10 | F159: 2 | G159: 2 | H159: 0 | I159: 0 | J159: 0 | K159: 0 | L159: =FALSE() -> FALSE | M159: No | N159: =IF(E159>0,F159/E159,"") -> 0.2 | O159: =IF(AND(E159>0,L159),J159/E159,"")
A160: 2019 | B160: Max Tuttle | C160: Chrome | D160: M | E160: 9 | F160: 33 | G160: 15 | H160: 5 | I160: 2 | J160: 0 | K160: 0 | L160: =FALSE() -> FALSE | M160: Yes | N160: =IF(E160>0,F160/E160,"") -> 3.6666667 | O160: =IF(AND(E160>0,L160),J160/E160,"")
A161: 2019 | B161: Kevin Unterstein | C161: Atlas | D161: M | E161: 10 | F161: 8 | G161: 3 | H161: 3 | I161: 2 | J161: 0 | K161: 0 | L161: =FALSE() -> FALSE | M161: Yes | N161: =IF(E161>0,F161/E161,"") -> 0.8 | O161: =IF(AND(E161>0,L161),J161/E161,"")
A162: 2019 | B162: Steven Waldeck | C162: Archers | D162: D | E162: 1 | F162: 0 | G162: 0 | H162: 0 | I162: 0 | J162: 0 | K162: 0 | L162: =FALSE() -> FALSE | M162: No | N162: =IF(E162>0,F162/E162,"") -> 0 | O162: =IF(AND(E162>0,L162),J162/E162,"")
A163: 2019 | B163: Gunnar Waldt | C163: Redwoods | D163: G | E163: 1 | F163: 0 | G163: 0 | H163: 0 | I163: 0 | J163: 0 | K163: 0 | L163: =FALSE() -> FALSE | M163: No | N163: =IF(E163>0,F163/E163,"") -> 0 | O163: =IF(AND(E163>0,L163),J163/E163,"")
A164: 2019 | B164: Joe Walters | C164: Redwoods | D164: M | E164: 10 | F164: 42 | G164: 26 | H164: 9 | I164: 11 | J164: 0 | K164: 0 | L164: =FALSE() -> FALSE | M164: Yes | N164: =IF(E164>0,F164/E164,"") -> 4.2 | O164: =IF(AND(E164>0,L164),J164/E164,"")
A165: 2019 | B165: Tyler Warner | C165: Whipsnakes | D165: M | E165: 10 | F165: 4 | G165: 1 | H165: 1 | I165: 0 | J165: 0 | K165: 0 | L165: =FALSE() -> FALSE | M165: Yes | N165: =IF(E165>0,F165/E165,"") -> 0.4 | O165: =IF(AND(E165>0,L165),J165/E165,"")
A166: 2019 | B166: Joel White | C166: Chrome | D166: LSM | E166: 9 | F166: 8 | G166: 3 | H166: 1 | I166: 2 | J166: 0 | K166: 0 | L166: =FALSE() -> FALSE | M166: Yes | N166: =IF(E166>0,F166/E166,"") -> 0.88888889 | O166: =IF(AND(E166>0,L166),J166/E166,"")
A167: 2019 | B167: Jordan Wolf | C167: Chrome | D167: A | E167: 10 | F167: 65 | G167: 38 | H167: 16 | I167: 16 | J167: 0 | K167: 0 | L167: =FALSE() -> FALSE | M167: Yes | N167: =IF(E167>0,F167/E167,"") -> 6.5 | O167: =IF(AND(E167>0,L167),J167/E167,"")
A168: 2019 | B168: Bryce Young | C168: Whipsnakes | D168: D | E168: 10 | F168: 6 | G168: 3 | H168: 2 | I168: 3 | J168: 0 | K168: 0 | L168: =FALSE() -> FALSE | M168: Yes | N168: =IF(E168>0,F168/E168,"") -> 0.6 | O168: =IF(AND(E168>0,L168),J168/E168,"")
A169: 2019 | B169: Pat Young | C169: Atlas | D169: M | E169: 1 | F169: 1 | G169: 0 | H169: 0 | I169: 0 | J169: 0 | K169: 0 | L169: =FALSE() -> FALSE | M169: No | N169: =IF(E169>0,F169/E169,"") -> 1 | O169: =IF(AND(E169>0,L169),J169/E169,"")
A170: 2019 | B170: Cade van Raaphorst | C170: Atlas | D170: D | E170: 9 | F170: 9 | G170: 4 | H170: 3 | I170: 1 | J170: 0 | K170: 0 | L170: =FALSE() -> FALSE | M170: Yes | N170: =IF(E170>0,F170/E170,"") -> 1 | O170: =IF(AND(E170>0,L170),J170/E170,"")
A171: 2020 | B171: Brent Adams | C171: Redwoods | D171: M | E171: 6 | F171: 30 | G171: 17 | H171: 5 | I171: 1 | J171: 0 | K171: 0 | L171: =FALSE() -> FALSE | M171: Yes | N171: =IF(E171>0,F171/E171,"") -> 5 | O171: =IF(AND(E171>0,L171),J171/E171,"")
... A286: 2020 | B286: Tyler Pfister | C286: Archers | D286: M | E286: 6 | F286: 1 | G286: 0 | H286: 0 | I286: 0 | J286: 0 | K286: 0 | L286: =FALSE() -> FALSE | M286: Yes | N286: =IF(E286>0,F286/E286,"") -> 0.16666667 | O286: =IF(AND(E286>0,L286),J286/E286,"")
A287: 2020 | B287: Austin Pifani | C287: Atlas | E287: 5 | F287: 0 | G287: 0 | H287: 0 | I287: 0 | J287: 0 | K287: 0 | L287: =FALSE() -> FALSE | M287: No | N287: =IF(E287>0,F287/E287,"") -> 0 | O287: =IF(AND(E287>0,L287),J287/E287,"")
A288: 2020 | B288: Chris Price | C288: Redwoods | D288: D | E288: 0 | F288: 0 | G288: 0 | H288: 0 | I288: 0 | J288: 0 | K288: 0 | L288: =FALSE() -> FALSE | M288: No | N288: =IF(E288>0,F288/E288,"") | O288: =IF(AND(E288>0,L288),J288/E288,"")
A289: 2020 | B289: Jake Pulver | C289: Chrome | D289: D | E289: 5 | F289: 1 | G289: 1 | H289: 0 | I289: 0 | J289: 0 | K289: 0 | L289: =FALSE() -> FALSE | M289: Yes | N289: =IF(E289>0,F289/E289,"") -> 0.2 | O289: =IF(AND(E289>0,L289),J289/E289,"")
A290: 2020 | B290: Greg Puskuldjian | C290: Redwoods | D290: FO | E290: 6 | F290: 1 | G290: 1 | H290: 0 | I290: 1 | J290: 0 | K290: 0 | L290: =FALSE() -> FALSE | M290: No | N290: =IF(E290>0,F290/E290,"") -> 0.16666667 | O290: =IF(AND(E290>0,L290),J290/E290,"")
A291: 2020 | B291: Brett Queener | C291: Chrome | D291: G | E291: 5 | F291: 0 | G291: 0 | H291: 0 | I291: 0 | J291: 0 | K291: 0 | L291: =FALSE() -> FALSE | M291: No | N291: =IF(E291>0,F291/E291,"") -> 0 | O291: =IF(AND(E291>0,L291),J291/E291,"")
A292: 2020 | B292: Paul Rabil | C292: Atlas | D292: M | E292: 5 | F292: 19 | G292: 8 | H292: 1 | I292: 4 | J292: 0 | K292: 0 | L292: =FALSE() -> FALSE | M292: Yes | N292: =IF(E292>0,F292/E292,"") -> 3.8 | O292: =IF(AND(E292>0,L292),J292/E292,"")
A293: 2020 | B293: Matt Rambo | C293: Whipsnakes | D293: A | E293: 6 | F293: 22 | G293: 14 | H293: 7 | I293: 18 | J293: 0 | K293: 0 | L293: =FALSE() -> FALSE | M293: Yes | N293: =IF(E293>0,F293/E293,"") -> 3.6666667 | O293: =IF(AND(E293>0,L293),J293/E293,"")
A294: 2020 | B294: John Ranagan | C294: Chrome | D294: M | E294: 5 | F294: 18 | G294: 9 | H294: 4 | I294: 2 | J294: 0 | K294: 0 | L294: =FALSE() -> FALSE | M294: Yes | N294: =IF(E294>0,F294/E294,"") -> 3.6 | O294: =IF(AND(E294>0,L294),J294/E294,"")
A295: 2020 | B295: Jack Rapine | C295: Archers | D295: D | E295: 6 | F295: 0 | G295: 0 | H295: 0 | I295: 0 | J295: 0 | K295: 0 | L295: =FALSE() -> FALSE | M295: Yes | N295: =IF(E295>0,F295/E295,"") -> 0 | O295: =IF(AND(E295>0,L295),J295/E295,"")
A296: 2020 | B296: Scott Ratliff | C296: Archers | D296: LSM | E296: 6 | F296: 8 | G296: 5 | H296: 3 | I296: 3 | J296: 0 | K296: 0 | L296: =FALSE() -> FALSE | M296: Yes | N296: =IF(E296>0,F296/E296,"") -> 1.3333333 | O296: =IF(AND(E296>0,L296),J296/E296,"")
A297: 2020 | B297: Matt Rees | C297: Chaos | D297: LSM | E297: 7 | F297: 4 | G297: 2 | H297: 0 | I297: 0 | J297: 0 | K297: 0 | L297: =FALSE() -> FALSE | M297: Yes | N297: =IF(E297>0,F297/E297,"") -> 0.57142857 | O297: =IF(AND(E297>0,L297),J297/E297,"")
...

Sheet Season_Summary
A1: Season | B1: Player rows | C1: Eligible players | D1: Total shots (all rows) | E1: Mean shots/game (eligible) | F1: Mean passes/game (eligible)
A2: 2019 | B2: =COUNTIFS(Player_Season!$A$2:$A$1869,A2) -> 169 | C2: =COUNTIFS(Player_Season!$A$2:$A$1869,A2,Player_Season!$M$2:$M$1869,"Yes") -> 123 | D2: =SUMIFS(Player_Season!$F$2:$F$1869,Player_Season!$A$2:$A$1869,A2) -> 2516 | E2: =AVERAGEIFS(Player_Season!$N$2:$N$1869,Player_Season!$A$2:$A$1869,A2,Player_Season!$M$2:$M$1869,"Yes") -> 2.2543167 | F2: =IF(A2>=2022,AVERAGEIFS(Player_Season!$O$2:$O$1869,Player_Season!$A$2:$A$1869,A2,Player_Season!$M$2:$M$1869,"Yes"),"n/a") -> n/a
A3: 2020 | B3: =COUNTIFS(Player_Season!$A$2:$A$1869,A3) -> 174 | C3: =COUNTIFS(Player_Season!$A$2:$A$1869,A3,Player_Season!$M$2:$M$1869,"Yes") -> 128 | D3: =SUMIFS(Player_Season!$F$2:$F$1869,Player_Season!$A$2:$A$1869,A3) -> 1546 | E3: =AVERAGEIFS(Player_Season!$N$2:$N$1869,Player_Season!$A$2:$A$1869,A3,Player_Season!$M$2:$M$1869,"Yes") -> 2.0786272 | F3: =IF(A3>=2022,AVERAGEIFS(Player_Season!$O$2:$O$1869,Player_Season!$A$2:$A$1869,A3,Player_Season!$M$2:$M$1869,"Yes"),"n/a") -> n/a
A4: 2021 | B4: =COUNTIFS(Player_Season!$A$2:$A$1869,A4) -> 262 | C4: =COUNTIFS(Player_Season!$A$2:$A$1869,A4,Player_Season!$M$2:$M$1869,"Yes") -> 148 | D4: =SUMIFS(Player_Season!$F$2:$F$1869,Player_Season!$A$2:$A$1869,A4) -> 2864 | E4: =AVERAGEIFS(Player_Season!$N$2:$N$1869,Player_Season!$A$2:$A$1869,A4,Player_Season!$M$2:$M$1869,"Yes") -> 2.4398327 | F4: =IF(A4>=2022,AVERAGEIFS(Player_Season!$O$2:$O$1869,Player_Season!$A$2:$A$1869,A4,Player_Season!$M$2:$M$1869,"Yes"),"n/a") -> n/a
A5: 2022 | B5: =COUNTIFS(Player_Season!$A$2:$A$1869,A5) -> 247 | C5: =COUNTIFS(Player_Season!$A$2:$A$1869,A5,Player_Season!$M$2:$M$1869,"Yes") -> 157 | D5: =SUMIFS(Player_Season!$F$2:$F$1869,Player_Season!$A$2:$A$1869,A5) -> 3171 | E5: =AVERAGEIFS(Player_Season!$N$2:$N$1869,Player_Season!$A$2:$A$1869,A5,Player_Season!$M$2:$M$1869,"Yes") -> 2.3888232 | F5: =IF(A5>=2022,AVERAGEIFS(Player_Season!$O$2:$O$1869,Player_Season!$A$2:$A$1869,A5,Player_Season!$M$2:$M$1869,"Yes"),"n/a") -> 11.260623
A6: 2023 | B6: =COUNTIFS(Player_Season!$A$2:$A$1869,A6) -> 242 | C6: =COUNTIFS(Player_Season!$A$2:$A$1869,A6,Player_Season!$M$2:$M$1869,"Yes") -> 153 | D6: =SUMIFS(Player_Season!$F$2:$F$1869,Player_Season!$A$2:$A$1869,A6) -> 3354 | E6: =AVERAGEIFS(Player_Season!$N$2:$N$1869,Player_Season!$A$2:$A$1869,A6,Player_Season!$M$2:$M$1869,"Yes") -> 2.468477 | F6: =IF(A6>=2022,AVERAGEIFS(Player_Season!$O$2:$O$1869,Player_Season!$A$2:$A$1869,A6,Player_Season!$M$2:$M$1869,"Yes"),"n/a") -> 11.179391
A7: 2024 | B7: =COUNTIFS(Player_Season!$A$2:$A$1869,A7) -> 246 | C7: =COUNTIFS(Player_Season!$A$2:$A$1869,A7,Player_Season!$M$2:$M$1869,"Yes") -> 153 | D7: =SUMIFS(Player_Season!$F$2:$F$1869,Player_Season!$A$2:$A$1869,A7) -> 3384 | E7: =AVERAGEIFS(Player_Season!$N$2:$N$1869,Player_Season!$A$2:$A$1869,A7,Player_Season!$M$2:$M$1869,"Yes") -> 2.4940813 | F7: =IF(A7>=2022,AVERAGEIFS(Player_Season!$O$2:$O$1869,Player_Season!$A$2:$A$1869,A7,Player_Season!$M$2:$M$1869,"Yes"),"n/a") -> 10.778623
A8: 2025 | B8: =COUNTIFS(Player_Season!$A$2:$A$1869,A8) -> 251 | C8: =COUNTIFS(Player_Season!$A$2:$A$1869,A8,Player_Season!$M$2:$M$1869,"Yes") -> 154 | D8: =SUMIFS(Player_Season!$F$2:$F$1869,Player_Season!$A$2:$A$1869,A8) -> 3345 | E8: =AVERAGEIFS(Player_Season!$N$2:$N$1869,Player_Season!$A$2:$A$1869,A8,Player_Season!$M$2:$M$1869,"Yes") -> 2.507501 | F8: =IF(A8>=2022,AVERAGEIFS(Player_Season!$O$2:$O$1869,Player_Season!$A$2:$A$1869,A8,Player_Season!$M$2:$M$1869,"Yes"),"n/a") -> 11.086003
A9: 2026 | B9: =COUNTIFS(Player_Season!$A$2:$A$1869,A9) -> 277 | C9: =COUNTIFS(Player_Season!$A$2:$A$1869,A9,Player_Season!$M$2:$M$1869,"Yes") -> 157 | D9: =SUMIFS(Player_Season!$F$2:$F$1869,Player_Season!$A$2:$A$1869,A9) -> 3953 | E9: =AVERAGEIFS(Player_Season!$N$2:$N$1869,Player_Season!$A$2:$A$1869,A9,Player_Season!$M$2:$M$1869,"Yes") -> 2.4749931 | F9: =IF(A9>=2022,AVERAGEIFS(Player_Season!$O$2:$O$1869,Player_Season!$A$2:$A$1869,A9,Player_Season!$M$2:$M$1869,"Yes"),"n/a") -> 11.533823

Sheet Position_Summary
A1: Position | B1: Eligible rows 2022–2026 | C1: Mean shots/game | D1: Mean passes/game
A2: A | B2: =COUNTIFS(Player_Season!$D$2:$D$1869,A2,Player_Season!$M$2:$M$1869,"Yes",Player_Season!$A$2:$A$1869,">=2022") -> 153 | C2: =AVERAGEIFS(Player_Season!$N$2:$N$1869,Player_Season!$D$2:$D$1869,A2,Player_Season!$M$2:$M$1869,"Yes",Player_Season!$A$2:$A$1869,">=2022") -> 5.3988409 | D2: =AVERAGEIFS(Player_Season!$O$2:$O$1869,Player_Season!$D$2:$D$1869,A2,Player_Season!$M$2:$M$1869,"Yes",Player_Season!$A$2:$A$1869,">=2022") -> 20.558699
A3: M | B3: =COUNTIFS(Player_Season!$D$2:$D$1869,A3,Player_Season!$M$2:$M$1869,"Yes",Player_Season!$A$2:$A$1869,">=2022") -> 243 | C3: =AVERAGEIFS(Player_Season!$N$2:$N$1869,Player_Season!$D$2:$D$1869,A3,Player_Season!$M$2:$M$1869,"Yes",Player_Season!$A$2:$A$1869,">=2022") -> 3.6978729 | D3: =AVERAGEIFS(Player_Season!$O$2:$O$1869,Player_Season!$D$2:$D$1869,A3,Player_Season!$M$2:$M$1869,"Yes",Player_Season!$A$2:$A$1869,">=2022") -> 14.017386
A4: D | B4: =COUNTIFS(Player_Season!$D$2:$D$1869,A4,Player_Season!$M$2:$M$1869,"Yes",Player_Season!$A$2:$A$1869,">=2022") -> 146 | C4: =AVERAGEIFS(Player_Season!$N$2:$N$1869,Player_Season!$D$2:$D$1869,A4,Player_Season!$M$2:$M$1869,"Yes",Player_Season!$A$2:$A$1869,">=2022") -> 0.29545998 | D4: =AVERAGEIFS(Player_Season!$O$2:$O$1869,Player_Season!$D$2:$D$1869,A4,Player_Season!$M$2:$M$1869,"Yes",Player_Season!$A$2:$A$1869,">=2022") -> 5.8180936
A5: SSDM | B5: =COUNTIFS(Player_Season!$D$2:$D$1869,A5,Player_Season!$M$2:$M$1869,"Yes",Player_Season!$A$2:$A$1869,">=2022") -> 142 | C5: =AVERAGEIFS(Player_Season!$N$2:$N$1869,Player_Season!$D$2:$D$1869,A5,Player_Season!$M$2:$M$1869,"Yes",Player_Season!$A$2:$A$1869,">=2022") -> 0.61704418 | D5: =AVERAGEIFS(Player_Season!$O$2:$O$1869,Player_Season!$D$2:$D$1869,A5,Player_Season!$M$2:$M$1869,"Yes",Player_Season!$A$2:$A$1869,">=2022") -> 6.1465612
A6: LSM | B6: =COUNTIFS(Player_Season!$D$2:$D$1869,A6,Player_Season!$M$2:$M$1869,"Yes",Player_Season!$A$2:$A$1869,">=2022") -> 90 | C6: =AVERAGEIFS(Player_Season!$N$2:$N$1869,Player_Season!$D$2:$D$1869,A6,Player_Season!$M$2:$M$1869,"Yes",Player_Season!$A$2:$A$1869,">=2022") -> 0.59647266 | D6: =AVERAGEIFS(Player_Season!$O$2:$O$1869,Player_Season!$D$2:$D$1869,A6,Player_Season!$M$2:$M$1869,"Yes",Player_Season!$A$2:$A$1869,">=2022") -> 4.1287734

Sheet Career_Exposure
A1: Player | B1: Seasons | C1: First | D1: Last | E1: Games Played | F1: Career Shots | G1: Shots per Game | H1: Position (first listed)
A2: Marcus Holman | B2: 8 | C2: 2019 | D2: 2026 | E2: =SUMIFS(Player_Season!$E$2:$E$1869,Player_Season!$B$2:$B$1869,A2) -> 77 | F2: =SUMIFS(Player_Season!$F$2:$F$1869,Player_Season!$B$2:$B$1869,A2) -> 497 | G2: =IF(E2>0,F2/E2,"") -> 6.4545455 | H2: A
A3: Connor Fields | B3: 8 | C3: 2019 | D3: 2026 | E3: =SUMIFS(Player_Season!$E$2:$E$1869,Player_Season!$B$2:$B$1869,A3) -> 73 | F3: =SUMIFS(Player_Season!$F$2:$F$1869,Player_Season!$B$2:$B$1869,A3) -> 441 | G3: =IF(E3>0,F3/E3,"") -> 6.0410959 | H3: A
A4: Kieran McArdle | B4: 8 | C4: 2019 | D4: 2026 | E4: =SUMIFS(Player_Season!$E$2:$E$1869,Player_Season!$B$2:$B$1869,A4) -> 75 | F4: =SUMIFS(Player_Season!$F$2:$F$1869,Player_Season!$B$2:$B$1869,A4) -> 421 | G4: =IF(E4>0,F4/E4,"") -> 5.6133333 | H4: A
A5: Rob Pannell | B5: 7 | C5: 2020 | D5: 2026 | E5: =SUMIFS(Player_Season!$E$2:$E$1869,Player_Season!$B$2:$B$1869,A5) -> 64 | F5: =SUMIFS(Player_Season!$F$2:$F$1869,Player_Season!$B$2:$B$1869,A5) -> 404 | G5: =IF(E5>0,F5/E5,"") -> 6.3125 | H5: A
A6: Ryder Garnsey | B6: 8 | C6: 2019 | D6: 2026 | E6: =SUMIFS(Player_Season!$E$2:$E$1869,Player_Season!$B$2:$B$1869,A6) -> 74 | F6: =SUMIFS(Player_Season!$F$2:$F$1869,Player_Season!$B$2:$B$1869,A6) -> 387 | G6: =IF(E6>0,F6/E6,"") -> 5.2297297 | H6: A
A7: Bryan Costabile | B7: 7 | C7: 2020 | D7: 2026 | E7: =SUMIFS(Player_Season!$E$2:$E$1869,Player_Season!$B$2:$B$1869,A7) -> 64 | F7: =SUMIFS(Player_Season!$F$2:$F$1869,Player_Season!$B$2:$B$1869,A7) -> 381 | G7: =IF(E7>0,F7/E7,"") -> 5.953125 | H7: M
A8: Connor Kelly | B8: 8 | C8: 2019 | D8: 2026 | E8: =SUMIFS(Player_Season!$E$2:$E$1869,Player_Season!$B$2:$B$1869,A8) -> 62 | F8: =SUMIFS(Player_Season!$F$2:$F$1869,Player_Season!$B$2:$B$1869,A8) -> 375 | G8: =IF(E8>0,F8/E8,"") -> 6.0483871 | H8: M
A9: Tom Schreiber | B9: 8 | C9: 2019 | D9: 2026 | E9: =SUMIFS(Player_Season!$E$2:$E$1869,Player_Season!$B$2:$B$1869,A9) -> 62 | F9: =SUMIFS(Player_Season!$F$2:$F$1869,Player_Season!$B$2:$B$1869,A9) -> 353 | G9: =IF(E9>0,F9/E9,"") -> 5.6935484 | H9: M
A10: Michael Sowers | B10: 6 | C10: 2021 | D10: 2026 | E10: =SUMIFS(Player_Season!$E$2:$E$1869,Player_Season!$B$2:$B$1869,A10) -> 52 | F10: =SUMIFS(Player_Season!$F$2:$F$1869,Player_Season!$B$2:$B$1869,A10) -> 347 | G10: =IF(E10>0,F10/E10,"") -> 6.6730769 | H10: A
A11: Zed Williams | B11: 7 | C11: 2020 | D11: 2026 | E11: =SUMIFS(Player_Season!$E$2:$E$1869,Player_Season!$B$2:$B$1869,A11) -> 42 | F11: =SUMIFS(Player_Season!$F$2:$F$1869,Player_Season!$B$2:$B$1869,A11) -> 342 | G11: =IF(E11>0,F11/E11,"") -> 8.1428571 | H11: A
A12: Mac O'Keefe | B12: 6 | C12: 2021 | D12: 2026 | E12: =SUMIFS(Player_Season!$E$2:$E$1869,Player_Season!$B$2:$B$1869,A12) -> 61 | F12: =SUMIFS(Player_Season!$F$2:$F$1869,Player_Season!$B$2:$B$1869,A12) -> 340 | G12: =IF(E12>0,F12/E12,"") -> 5.5737705 | H12: A
A13: Matt Rambo | B13: 8 | C13: 2019 | D13: 2026 | E13: =SUMIFS(Player_Season!$E$2:$E$1869,Player_Season!$B$2:$B$1869,A13) -> 62 | F13: =SUMIFS(Player_Season!$F$2:$F$1869,Player_Season!$B$2:$B$1869,A13) -> 329 | G13: =IF(E13>0,F13/E13,"") -> 5.3064516 | H13: A
... A356: Kyle McClancy | B356: 3 | C356: 2019 | D356: 2021 | E356: =SUMIFS(Player_Season!$E$2:$E$1869,Player_Season!$B$2:$B$1869,A356) -> 15 | F356: =SUMIFS(Player_Season!$F$2:$F$1869,Player_Season!$B$2:$B$1869,A356) -> 4 | G356: =IF(E356>0,F356/E356,"") -> 0.26666667 | H356: M
A357: John Uppgren | B357: 1 | C357: 2021 | D357: 2021 | E357: =SUMIFS(Player_Season!$E$2:$E$1869,Player_Season!$B$2:$B$1869,A357) -> 2 | F357: =SUMIFS(Player_Season!$F$2:$F$1869,Player_Season!$B$2:$B$1869,A357) -> 4 | G357: =IF(E357>0,F357/E357,"") -> 2
A358: Kylor Bellistri | B358: 1 | C358: 2019 | D358: 2019 | E358: =SUMIFS(Player_Season!$E$2:$E$1869,Player_Season!$B$2:$B$1869,A358) -> 2 | F358: =SUMIFS(Player_Season!$F$2:$F$1869,Player_Season!$B$2:$B$1869,A358) -> 4 | G358: =IF(E358>0,F358/E358,"") -> 2 | H358: A
A359: Mike O'Neil | B359: 1 | C359: 2019 | D359: 2019 | E359: =SUMIFS(Player_Season!$E$2:$E$1869,Player_Season!$B$2:$B$1869,A359) -> 7 | F359: =SUMIFS(Player_Season!$F$2:$F$1869,Player_Season!$B$2:$B$1869,A359) -> 4 | G359: =IF(E359>0,F359/E359,"") -> 0.57142857 | H359: M
A360: Brian Karalunas | B360: 3 | C360: 2019 | D360: 2021 | E360: =SUMIFS(Player_Season!$E$2:$E$1869,Player_Season!$B$2:$B$1869,A360) -> 10 | F360: =SUMIFS(Player_Season!$F$2:$F$1869,Player_Season!$B$2:$B$1869,A360) -> 4 | G360: =IF(E360>0,F360/E360,"") -> 0.4 | H360: LSM
A361: Jeff Conner | B361: 1 | C361: 2023 | D361: 2023 | E361: =SUMIFS(Player_Season!$E$2:$E$1869,Player_Season!$B$2:$B$1869,A361) -> 5 | F361: =SUMIFS(Player_Season!$F$2:$F$1869,Player_Season!$B$2:$B$1869,A361) -> 4 | G361: =IF(E361>0,F361/E361,"") -> 0.8 | H361: M
A362: Jake Naso | B362: 1 | C362: 2025 | D362: 2025 | E362: =SUMIFS(Player_Season!$E$2:$E$1869,Player_Season!$B$2:$B$1869,A362) -> 4 | F362: =SUMIFS(Player_Season!$F$2:$F$1869,Player_Season!$B$2:$B$1869,A362) -> 4 | G362: =IF(E362>0,F362/E362,"") -> 1 | H362: FO
A363: Cullen Brown | B363: 1 | C363: 2026 | D363: 2026 | E363: =SUMIFS(Player_Season!$E$2:$E$1869,Player_Season!$B$2:$B$1869,A363) -> 10 | F363: =SUMIFS(Player_Season!$F$2:$F$1869,Player_Season!$B$2:$B$1869,A363) -> 4 | G363: =IF(E363>0,F363/E363,"") -> 0.4 | H363: D
A364: Hunter Drouin | B364: 1 | C364: 2026 | D364: 2026 | E364: =SUMIFS(Player_Season!$E$2:$E$1869,Player_Season!$B$2:$B$1869,A364) -> 2 | F364: =SUMIFS(Player_Season!$F$2:$F$1869,Player_Season!$B$2:$B$1869,A364) -> 4 | G364: =IF(E364>0,F364/E364,"") -> 2 | H364: A
A365: James Pannell | B365: 3 | C365: 2019 | D365: 2021 | E365: =SUMIFS(Player_Season!$E$2:$E$1869,Player_Season!$B$2:$B$1869,A365) -> 2 | F365: =SUMIFS(Player_Season!$F$2:$F$1869,Player_Season!$B$2:$B$1869,A365) -> 4 | G365: =IF(E365>0,F365/E365,"") -> 2 | H365: A
A366: Max Merklinger | B366: 1 | C366: 2025 | D366: 2025 | E366: =SUMIFS(Player_Season!$E$2:$E$1869,Player_Season!$B$2:$B$1869,A366) -> 2 | F366: =SUMIFS(Player_Season!$F$2:$F$1869,Player_Season!$B$2:$B$1869,A366) -> 4 | G366: =IF(E366>0,F366/E366,"") -> 2 | H366: A
A367: Billy Dwan | B367: 1 | C367: 2026 | D367: 2026 | E367: =SUMIFS(Player_Season!$E$2:$E$1869,Player_Season!$B$2:$B$1869,A367) -> 8 | F367: =SUMIFS(Player_Season!$F$2:$F$1869,Player_Season!$B$2:$B$1869,A367) -> 4 | G367: =IF(E367>0,F367/E367,"") -> 0.5 | H367: D
A368: Michael Lampert | B368: 2 | C368: 2025 | D368: 2026 | E368: =SUMIFS(Player_Season!$E$2:$E$1869,Player_Season!$B$2:$B$1869,A368) -> 4 | F368: =SUMIFS(Player_Season!$F$2:$F$1869,Player_Season!$B$2:$B$1869,A368) -> 4 | G368: =IF(E368>0,F368/E368,"") -> 1 | H368: A
A369: Andrew Newbold | B369: 2 | C369: 2021 | D369: 2022 | E369: =SUMIFS(Player_Season!$E$2:$E$1869,Player_Season!$B$2:$B$1869,A369) -> 8 | F369: =SUMIFS(Player_Season!$F$2:$F$1869,Player_Season!$B$2:$B$1869,A369) -> 4 | G369: =IF(E369>0,F369/E369,"") -> 0.5 | H369: D
... A405: Austin Kaut | B405: 6 | C405: 2021 | D405: 2026 | E405: =SUMIFS(Player_Season!$E$2:$E$1869,Player_Season!$B$2:$B$1869,A405) -> 22 | F405: =SUMIFS(Player_Season!$F$2:$F$1869,Player_Season!$B$2:$B$1869,A405) -> 2 | G405: =IF(E405>0,F405/E405,"") -> 0.090909091 | H405: G
A406: Alec Tulett | B406: 1 | C406: 2019 | D406: 2019 | E406: =SUMIFS(Player_Season!$E$2:$E$1869,Player_Season!$B$2:$B$1869,A406) -> 10 | F406: =SUMIFS(Player_Season!$F$2:$F$1869,Player_Season!$B$2:$B$1869,A406) -> 2 | G406: =IF(E406>0,F406/E406,"") -> 0.2
A407: Austin Pifani | B407: 5 | C407: 2019 | D407: 2023 | E407: =SUMIFS(Player_Season!$E$2:$E$1869,Player_Season!$B$2:$B$1869,A407) -> 15 | F407: =SUMIFS(Player_Season!$F$2:$F$1869,Player_Season!$B$2:$B$1869,A407) -> 2 | G407: =IF(E407>0,F407/E407,"") -> 0.13333333 | H407: D
A408: Gavin Adler | B408: 4 | C408: 2023 | D408: 2026 | E408: =SUMIFS(Player_Season!$E$2:$E$1869,Player_Season!$B$2:$B$1869,A408) -> 38 | F408: =SUMIFS(Player_Season!$F$2:$F$1869,Player_Season!$B$2:$B$1869,A408) -> 2 | G408: =IF(E408>0,F408/E408,"") -> 0.052631579 | H408: D
A409: Marcus Hudgins | B409: 3 | C409: 2024 | D409: 2026 | E409: =SUMIFS(Player_Season!$E$2:$E$1869,Player_Season!$B$2:$B$1869,A409) -> 26 | F409: =SUMIFS(Player_Season!$F$2:$F$1869,Player_Season!$B$2:$B$1869,A409) -> 2 | G409: =IF(E409>0,F409/E409,"") -> 0.076923077 | H409: D
A410: Jack Posey | B410: 3 | C410: 2024 | D410: 2026 | E410: =SUMIFS(Player_Season!$E$2:$E$1869,Player_Season!$B$2:$B$1869,A410) -> 15 | F410: =SUMIFS(Player_Season!$F$2:$F$1869,Player_Season!$B$2:$B$1869,A410) -> 2 | G410: =IF(E410>0,F410/E410,"") -> 0.13333333 | H410: D
A411: JD Colarusso | B411: 2 | C411: 2021 | D411: 2022 | E411: =SUMIFS(Player_Season!$E$2:$E$1869,Player_Season!$B$2:$B$1869,A411) -> 11 | F411: =SUMIFS(Player_Season!$F$2:$F$1869,Player_Season!$B$2:$B$1869,A411) -> 2 | G411: =IF(E411>0,F411/E411,"") -> 0.18181818 | H411: G
A412: Brendan Lavelle | B412: 2 | C412: 2025 | D412: 2026 | E412: =SUMIFS(Player_Season!$E$2:$E$1869,Player_Season!$B$2:$B$1869,A412) -> 22 | F412: =SUMIFS(Player_Season!$F$2:$F$1869,Player_Season!$B$2:$B$1869,A412) -> 2 | G412: =IF(E412>0,F412/E412,"") -> 0.090909091 | H412: D
A413: BJ Farrare | B413: 3 | C413: 2024 | D413: 2026 | E413: =SUMIFS(Player_Season!$E$2:$E$1869,Player_Season!$B$2:$B$1869,A413) -> 23 | F413: =SUMIFS(Player_Season!$F$2:$F$1869,Player_Season!$B$2:$B$1869,A413) -> 2 | G413: =IF(E413>0,F413/E413,"") -> 0.086956522 | H413: LSM
A414: Drew Adams | B414: 4 | C414: 2019 | D414: 2022 | E414: =SUMIFS(Player_Season!$E$2:$E$1869,Player_Season!$B$2:$B$1869,A414) -> 21 | F414: =SUMIFS(Player_Season!$F$2:$F$1869,Player_Season!$B$2:$B$1869,A414) -> 2 | G414: =IF(E414>0,F414/E414,"") -> 0.095238095 | H414: G
A415: Matt Rahill | B415: 2 | C415: 2022 | D415: 2023 | E415: =SUMIFS(Player_Season!$E$2:$E$1869,Player_Season!$B$2:$B$1869,A415) -> 12 | F415: =SUMIFS(Player_Season!$F$2:$F$1869,Player_Season!$B$2:$B$1869,A415) -> 2 | G415: =IF(E415>0,F415/E415,"") -> 0.16666667 | H415: D
A416: James Barclay | B416: 6 | C416: 2019 | D416: 2024 | E416: =SUMIFS(Player_Season!$E$2:$E$1869,Player_Season!$B$2:$B$1869,A416) -> 19 | F416: =SUMIFS(Player_Season!$F$2:$F$1869,Player_Season!$B$2:$B$1869,A416) -> 2 | G416: =IF(E416>0,F416/E416,"") -> 0.10526316 | H416: D
A417: Eric Kolar | B417: 1 | C417: 2026 | D417: 2026 | E417: =SUMIFS(Player_Season!$E$2:$E$1869,Player_Season!$B$2:$B$1869,A417) -> 7 | F417: =SUMIFS(Player_Season!$F$2:$F$1869,Player_Season!$B$2:$B$1869,A417) -> 2 | G417: =IF(E417>0,F417/E417,"") -> 0.28571429 | H417: SSDM
A418: Gannon Matthews | B418: 2 | C418: 2025 | D418: 2026 | E418: =SUMIFS(Player_Season!$E$2:$E$1869,Player_Season!$B$2:$B$1869,A418) -> 2 | F418: =SUMIFS(Player_Season!$F$2:$F$1869,Player_Season!$B$2:$B$1869,A418) -> 2 | G418: =IF(E418>0,F418/E418,"") -> 1 | H418: A
... A561: Randy Staats | B561: 1 | C561: 2021 | D561: 2021 | E561: =SUMIFS(Player_Season!$E$2:$E$1869,Player_Season!$B$2:$B$1869,A561) -> 0 | F561: =SUMIFS(Player_Season!$F$2:$F$1869,Player_Season!$B$2:$B$1869,A561) -> 0 | G561: =IF(E561>0,F561/E561,"") | H561: A
A562: Reed Junkin | B562: 1 | C562: 2021 | D562: 2021 | E562: =SUMIFS(Player_Season!$E$2:$E$1869,Player_Season!$B$2:$B$1869,A562) -> 5 | F562: =SUMIFS(Player_Season!$F$2:$F$1869,Player_Season!$B$2:$B$1869,A562) -> 0 | G562: =IF(E562>0,F562/E562,"") -> 0
A563: Richard Checo | B563: 1 | C563: 2026 | D563: 2026 | E563: =SUMIFS(Player_Season!$E$2:$E$1869,Player_Season!$B$2:$B$1869,A563) -> 6 | F563: =SUMIFS(Player_Season!$F$2:$F$1869,Player_Season!$B$2:$B$1869,A563) -> 0 | G563: =IF(E563>0,F563/E563,"") -> 0 | H563: LSM
A564: Riley Hastings | B564: 1 | C564: 2026 | D564: 2026 | E564: =SUMIFS(Player_Season!$E$2:$E$1869,Player_Season!$B$2:$B$1869,A564) -> 0 | F564: =SUMIFS(Player_Season!$F$2:$F$1869,Player_Season!$B$2:$B$1869,A564) -> 0 | G564: =IF(E564>0,F564/E564,"") | H564: A
A565: Ron John | B565: 1 | C565: 2024 | D565: 2024 | E565: =SUMIFS(Player_Season!$E$2:$E$1869,Player_Season!$B$2:$B$1869,A565) -> 1 | F565: =SUMIFS(Player_Season!$F$2:$F$1869,Player_Season!$B$2:$B$1869,A565) -> 0 | G565: =IF(E565>0,F565/E565,"") -> 0 | H565: SSDM
A566: Ryan Beville | B566: 4 | C566: 2021 | D566: 2024 | E566: =SUMIFS(Player_Season!$E$2:$E$1869,Player_Season!$B$2:$B$1869,A566) -> 2 | F566: =SUMIFS(Player_Season!$F$2:$F$1869,Player_Season!$B$2:$B$1869,A566) -> 0 | G566: =IF(E566>0,F566/E566,"") -> 0 | H566: SSDM
A567: Ryan Cohen | B567: 1 | C567: 2026 | D567: 2026 | E567: =SUMIFS(Player_Season!$E$2:$E$1869,Player_Season!$B$2:$B$1869,A567) -> 0 | F567: =SUMIFS(Player_Season!$F$2:$F$1869,Player_Season!$B$2:$B$1869,A567) -> 0 | G567: =IF(E567>0,F567/E567,"") | H567: A
A568: Ryan Croddick | B568: 1 | C568: 2026 | D568: 2026 | E568: =SUMIFS(Player_Season!$E$2:$E$1869,Player_Season!$B$2:$B$1869,A568) -> 4 | F568: =SUMIFS(Player_Season!$F$2:$F$1869,Player_Season!$B$2:$B$1869,A568) -> 0 | G568: =IF(E568>0,F568/E568,"") -> 0 | H568: G
A569: Carter Parlette | B569: 2 | C569: 2024 | D569: 2025 | E569: =SUMIFS(Player_Season!$E$2:$E$1869,Player_Season!$B$2:$B$1869,A569) -> 1 | F569: =SUMIFS(Player_Season!$F$2:$F$1869,Player_Season!$B$2:$B$1869,A569) -> 0 | G569: =IF(E569>0,F569/E569,"") -> 0 | H569: SSDM
A570: Carter Rice | B570: 2 | C570: 2025 | D570: 2026 | E570: =SUMIFS(Player_Season!$E$2:$E$1869,Player_Season!$B$2:$B$1869,A570) -> 20 | F570: =SUMIFS(Player_Season!$F$2:$F$1869,Player_Season!$B$2:$B$1869,A570) -> 0 | G570: =IF(E570>0,F570/E570,"") -> 0 | H570: SSDM
A571: Casey Dowd | B571: 1 | C571: 2021 | D571: 2021 | E571: =SUMIFS(Player_Season!$E$2:$E$1869,Player_Season!$B$2:$B$1869,A571) -> 0 | F571: =SUMIFS(Player_Season!$F$2:$F$1869,Player_Season!$B$2:$B$1869,A571) -> 0 | G571: =IF(E571>0,F571/E571,"") | H571: FO
A572: Charlie Cipriano | B572: 3 | C572: 2019 | D572: 2021 | E572: =SUMIFS(Player_Season!$E$2:$E$1869,Player_Season!$B$2:$B$1869,A572) -> 8 | F572: =SUMIFS(Player_Season!$F$2:$F$1869,Player_Season!$B$2:$B$1869,A572) -> 0 | G572: =IF(E572>0,F572/E572,"") -> 0 | H572: G
A573: Jason Rose | B573: 1 | C573: 2023 | D573: 2023 | E573: =SUMIFS(Player_Season!$E$2:$E$1869,Player_Season!$B$2:$B$1869,A573) -> 0 | F573: =SUMIFS(Player_Season!$F$2:$F$1869,Player_Season!$B$2:$B$1869,A573) -> 0 | G573: =IF(E573>0,F573/E573,"") | H573: G
A574: Jeff Reynolds | B574: 1 | C574: 2019 | D574: 2019 | E574: =SUMIFS(Player_Season!$E$2:$E$1869,Player_Season!$B$2:$B$1869,A574) -> 1 | F574: =SUMIFS(Player_Season!$F$2:$F$1869,Player_Season!$B$2:$B$1869,A574) -> 0 | G574: =IF(E574>0,F574/E574,"") -> 0 | H574: M
... A610: Aidan Hynes | B610: 1 | C610: 2021 | D610: 2021 | E610: =SUMIFS(Player_Season!$E$2:$E$1869,Player_Season!$B$2:$B$1869,A610) -> 0 | F610: =SUMIFS(Player_Season!$F$2:$F$1869,Player_Season!$B$2:$B$1869,A610) -> 0 | G610: =IF(E610>0,F610/E610,"") | H610: D

Sheet Literature
A1: Study | B1: Population | C1: Measure | D1: Value | E1: SD | F1: Unit | G1: Note
A2: Vincent et al. 2015 (DOI 10.1080/14763141.2015.1084034) | B2: Professional players (n=6 of 39) | C2: Ball speed | D2: 138 | E2: 7 | F2: km/h | G2: Lab overhead shot; not PLL-specific
A3: Vincent et al. 2015 | B3: High-school players | C3: Ball speed | D3: 112 | E3: 15 | F3: km/h | G3: Comparison group
A4: Vincent et al. 2015 | B4: Professional vs HS/collegiate | C4: Crosse angular velocity | D4: 21 | F4: % faster | G4: Published comparison
